Id,Label,RA,RA_norm,age,internet,internet_norm,alphabetisation,alphabetisation_norm,revenu,revenu_norm,scolarisation,scolarisation_norm,type_logement,type_logement_norm,consommation_eau,consommation_eau_norm,Score,AverageShortestPathLength,BetweennessCentrality,ClosenessCentrality,ClusteringCoefficient,Degree,Eccentricity,NeighborhoodConnectivity,NumberOfUndirectedEdges,PartnerOfMultiEdgedNodePairs,Radiality,Stress,TopologicalCoefficient
"66,77,1,0,31,1,0.0,1,0.0,""8619,87"",""0,093490853"",7,1,1,0,226,""0,181742044"",""0,155046579"",""1,59863E+16"",""7,85E+11"",0.0625534866290419,0.2212121212121212,51,25,""1,15111E+16"",51,6,0.8102997578371844,44489743464,0.1621283255086072"
"67,77,1,0,20,1,0.0,1,0.0,""8619,87"",""0,093490853"",6,""0,833333333"",1,0,226,""0,181742044"",""0,138379913"",""1,5408E+15"",0.00129818523086754,0.0649013943919647,0.4888888888888889,16,25,17.7,16,6,0.8176203867247919,74607790906,0.2528571428571428"
"68,77,1,0,61,1,0.0,1,0.0,""8619,87"",""0,093490853"",7,1,1,0,226,""0,181742044"",""0,155046579"",""1,59863E+16"",""7,85E+11"",0.0625534866290419,0.2212121212121212,51,25,""1,15111E+16"",51,6,0.8102997578371844,44489743464,0.1621283255086072"
"103,119,1,0,26,1,0.0,1,0.0,""2154,97"",""0,02330956"",6,""0,833333333"",1,0,226,""0,181742044"",""0,124343654"",""1,79994E+16"",""9,59E+09"",0.0555572804826704,0.6428571428571429,14,27,8375,14,6,0.7848172007472581,175779102,0.2946428571428571"
"104,119,1,0,29,1,0.0,1,0.0,""2154,97"",""0,02330956"",7,1,1,0,226,""0,181742044"",""0,141010321"",""1,80174E+16"",""3,56E+11"",0.0555017915810578,0.5818181818181818,17,27,""9,54545E+15"",17,6,0.7845894126349114,1176294706,0.3151515151515151"
"162,171,1,0,31,1,0.0,1,0.0,""8242,75"",""0,089396935"",7,1,1,0,226,""0,181742044"",""0,154227796"",""1,75765E+15"",""2,31E+10"",0.0568940146438432,0.7555555555555555,16,28,8.5,16,6,0.7901703628707075,741423506,0.5666666666666667"
"163,171,1,0,39,1,0.0,1,0.0,""8242,75"",""0,089396935"",7,1,1,0,226,""0,181742044"",""0,154227796"",""1,75765E+15"",""2,31E+10"",0.0568940146438432,0.7555555555555555,16,28,8.5,16,6,0.7901703628707075,741423506,0.5666666666666667"
"176,182,1,0,59,1,0.0,1,0.0,""9889,81"",""0,107276995"",7,1,1,0,226,""0,181742044"",""0,157803808"",""1,77213E+16"",""1,40E+11"",0.0564293850592184,0.6666666666666666,14,27,""9,44444E+15"",14,5,0.7883384371075607,63324444,0.3046594982078853"
"177,182,1,0,56,1,0.0,1,0.0,""9889,81"",""0,107276995"",7,1,1,0,226,""0,181742044"",""0,157803808"",""1,77264E+16"",""1,26E+11"",0.0564130178455004,0.7142857142857143,13,27,9375,13,5,0.7882733547897472,62904802,0.3348214285714285"
"178,182,1,0,26,1,0.0,1,0.0,""9889,81"",""0,107276995"",7,1,1,0,226,""0,181742044"",""0,157803808"",""1,79923E+15"",""1,78E+09"",0.0555792999597449,0.8666666666666667,11,27,""9,83333E+15"",11,5,0.7849074670923994,20861166,0.4097222222222222"
"217,226,1,0,35,1,0.0,1,0.0,""2527,75"",""0,027356364"",7,1,1,0,226,""0,181742044"",""0,141819682"",""1,90882E+15"",""4,44E+10"",0.0523883582467103,0.7777777777777778,16,29,8.7,16,6,0.7710353125337791,4490406424,0.5117647058823529"
"219,226,1,0,37,1,0.0,1,0.0,""2527,75"",""0,027356364"",7,1,1,0,226,""0,181742044"",""0,141819682"",""1,90882E+15"",""4,44E+10"",0.0523883582467103,0.7777777777777778,16,29,8.7,16,6,0.7710353125337791,4490406424,0.5117647058823529"
"228,241,1,0,34,1,0.0,1,0.0,""8215,18"",""0,089097642"",7,1,1,0,226,""0,181742044"",""0,154167937"",""1,7527E+16"",""1,46E+11"",0.057054743678369,0.6593406593406593,20,27,""1,02857E+16"",20,6,0.7907971338879101,263827314,0.5142857142857142"
"230,241,1,0,35,1,0.0,1,0.0,""8215,18"",""0,089097642"",7,1,1,0,226,""0,181742044"",""0,154167937"",""1,7527E+16"",""1,46E+11"",0.057054743678369,0.6593406593406593,20,27,""1,02857E+16"",20,6,0.7907971338879101,263827314,0.5142857142857142"
"245,279,1,0,28,1,0.0,1,0.0,""9795,02"",""0,106247979"",7,1,1,0,226,""0,181742044"",""0,157598005"",""1,70291E+16"",""5,12E+11"",0.0587229908897581,0.6222222222222222,16,26,8.7,16,6,0.7970999319182362,1629397338,0.29"
"247,279,1,0,42,1,0.0,1,0.0,""9795,02"",""0,106247979"",7,1,1,0,226,""0,181742044"",""0,157598005"",""1,70344E+16"",""1,38E+12"",0.0587045729830883,0.7619047619047619,12,26,""9,28571E+15"",12,5,0.7970323029010302,704578964,0.4037267080745341"
"292,339,1,0,34,1,0.0,1,0.0,""5044,22"",""0,054674516"",7,1,1,0,226,""0,181742044"",""0,147283312"",""1,73501E+15"",""2,18E+11"",0.0576364346169059,0.5818181818181818,17,26,10.0,17,6,0.7930362485872893,3101985288,0.303030303030303"
"293,339,1,0,7,1,0.0,1,0.0,""5044,22"",""0,054674516"",2,""0,166666667"",1,0,226,""0,181742044"",""0,063949979"",""1,70121E+16"",0.0014048123026626854,0.0587817896554352,0.25,11,26,8.75,11,3,0.797315552466818,16926530942,0.2734375"
"294,339,1,0,41,1,0.0,1,0.0,""5044,22"",""0,054674516"",7,1,1,0,226,""0,181742044"",""0,147283312"",""1,73501E+15"",""2,18E+11"",0.0576364346169059,0.5818181818181818,17,26,10.0,17,6,0.7930362485872893,3101985288,0.303030303030303"
"301,348,1,0,35,1,0.0,1,0.0,""1895,81"",""0,020496186"",5,""0,666666667"",1,0,226,""0,181742044"",""0,107114313"",""1,94463E+16"",""1,13E+10"",0.0514236513850267,0.6666666666666666,15,29,""8,11111E+14"",15,6,0.7665024705813775,162090,0.3686868686868687"
"302,348,1,0,34,1,0.0,1,0.0,""1895,81"",""0,020496186"",5,""0,666666667"",1,0,226,""0,181742044"",""0,107114313"",""1,94526E+15"",""1,32E+09"",0.0514071048769752,0.8095238095238095,13,29,""8,71429E+15"",13,6,0.7664232399336047,14146,0.4357142857142857"
"344,398,1,0,28,1,0.0,1,0.0,""1628,2"",""0,01759108"",5,""0,666666667"",5,1,226,""0,181742044"",""0,306533292"",""1,76415E+16"",""2,02E+10"",0.0566845123071562,0.4761904761904761,12,27,""7,85714E+15"",12,5,0.7893480619334655,142841738,0.2967032967032967"
"345,398,1,0,25,1,0.0,1,0.0,""1628,2"",""0,01759108"",6,""0,833333333"",5,1,226,""0,181742044"",""0,323199958"",""1,71041E+16"",""2,04E+10"",0.0584656523767763,0.6666666666666666,9,26,""1,05714E+16"",9,2,0.796151144911157,213389266,0.4010989010989011"
"415,476,1,0,39,1,0.0,1,0.0,""8531,15"",""0,092527732"",7,1,1,0,226,""0,181742044"",""0,154853955"",""1,68215E+16"",""2,65E+11"",0.0594475710802065,0.2040816326530612,55,27,""1,11837E+16"",55,6,0.7997272767917021,14784154604,0.1775186264982183"
"416,476,1,0,52,1,0.0,1,0.0,""8531,15"",""0,092527732"",7,1,1,0,226,""0,181742044"",""0,154853955"",""1,68215E+16"",""2,65E+11"",0.0594475710802065,0.2040816326530612,55,27,""1,11837E+16"",55,6,0.7997272767917021,14784154604,0.1775186264982183"
"432,494,1,0,60,1,0.0,1,0.0,""16760,87"",""0,181867457"",7,1,1,0,226,""0,181742044"",""0,1727219"",""1,67449E+16"",""1,13E+12"",0.0597197042717197,0.5,23,25,""1,01176E+16"",23,6,0.8006975692603197,146238660,0.3161764705882353"
"433,494,1,0,51,1,0.0,1,0.0,""16760,87"",""0,181867457"",7,1,1,0,226,""0,181742044"",""0,1727219"",""1,67449E+16"",""1,13E+12"",0.0597197042717197,0.5,23,25,""1,01176E+16"",23,6,0.8006975692603197,146238660,0.3161764705882353"
"467,542,1,0,84,1,0.0,1,0.0,""9577,64"",""0,103888158"",7,1,1,0,226,""0,181742044"",""0,15712604"",""1,88334E+16"",""3,48E+12"",0.0530970510210743,0.1370471633629528,83,29,""1,17792E+16"",83,6,0.7742602828647313,25221416948,0.122564935064935"
"468,542,1,0,25,1,0.0,1,0.0,""9577,64"",""0,103888158"",5,""0,666666667"",1,0,226,""0,181742044"",""0,123792707"",""1,92329E+16"",""3,75E+09"",0.051994151326296,0.7142857142857143,12,29,19.0,12,5,0.7692033867706324,63153682,0.1964285714285714"
"469,544,1,0,40,1,0.0,1,0.0,""5758,53"",""0,062428881"",7,1,1,0,226,""0,181742044"",""0,148834185"",""1,76677E+16"",""7,42E+11"",0.0566004552430767,0.7142857142857143,12,28,10.5,12,4,0.7890164250792165,""5,04E+11"",0.2916666666666667"
"470,544,1,0,37,1,0.0,1,0.0,""5758,53"",""0,062428881"",7,1,1,0,226,""0,181742044"",""0,148834185"",""1,76677E+16"",""7,42E+11"",0.0566004552430767,0.7142857142857143,12,28,10.5,12,4,0.7890164250792165,""5,04E+11"",0.2916666666666667"
"471,544,1,0,2,1,0.0,99999,,""5758,53"",""0,062428881"",1,0,1,0,226,""0,181742044"",""0,048834185"",""1,68181E+15"",0.0038230811864941924,0.0594597396659227,0.3484848484848485,18,28,""8,91667E+15"",18,6,0.7997708536479771,""3,55E+12"",0.2174796747967479"
"472,544,1,0,5,1,0.0,2,1.0,""5758,53"",""0,062428881"",1,0,1,0,226,""0,181742044"",""0,148834185"",""1,76677E+16"",""7,42E+11"",0.0566004552430767,0.7142857142857143,12,28,10.5,12,4,0.7890164250792165,""5,04E+11"",0.2916666666666667"
"481,562,1,0,39,1,0.0,1,0.0,""8380,43"",""0,090891554"",7,1,1,0,226,""0,181742044"",""0,15452672"",""1,72391E+15"",""1,45E+12"",0.0580078114869315,0.6428571428571429,14,27,8.25,14,6,0.7944423096186571,10763499992,0.375"
"482,562,1,0,41,1,0.0,1,0.0,""8380,43"",""0,090891554"",7,1,1,0,226,""0,181742044"",""0,15452672"",""1,72391E+15"",""1,45E+12"",0.0580078114869315,0.6428571428571429,14,27,8.25,14,6,0.7944423096186571,10763499992,0.375"
"483,562,1,0,11,1,0.0,1,0.0,""8380,43"",""0,090891554"",2,""0,166666667"",1,0,226,""0,181742044"",""0,071193386"",""1,65216E+16"",""2,64E+11"",0.0605267644281117,0.4722222222222222,15,27,""8,66667E+15"",15,6,0.803523839653015,11386776376,0.2795698924731182"
"484,562,1,0,14,1,0.0,1,0.0,""8380,43"",""0,090891554"",2,""0,166666667"",1,0,226,""0,181742044"",""0,071193386"",""1,65216E+16"",""2,64E+11"",0.0605267644281117,0.4722222222222222,15,27,""8,66667E+15"",15,6,0.803523839653015,11386776376,0.2795698924731182"
"547,639,1,0,41,1,0.0,1,0.0,""1131,17"",""0,01219545"",5,""0,666666667"",1,0,226,""0,181742044"",""0,105454166"",""1,58682E+16"",""1,26E+12"",0.0630189476649996,0.3571428571428571,13,25,7875,13,5,0.8117943874140984,3488070322,0.2625"
"549,639,1,0,31,1,0.0,1,0.0,""1131,17"",""0,01219545"",7,1,1,0,226,""0,181742044"",""0,138787499"",""1,6448E+16"",""2,18E+11"",0.0607976514878667,0.6071428571428571,14,25,9125,14,6,0.804455648664143,780266594,0.3146551724137931"
"554,648,1,0,25,1,0.0,1,0.0,""6464,91"",""0,070097161"",6,""0,833333333"",1,0,226,""0,181742044"",""0,133701174"",""1,80646E+15"",""7,89E+10"",0.055357010271006,0.5272727272727272,17,30,""1,26364E+16"",17,6,0.783992919043822,8797703802,0.2178683385579937"
"555,648,1,0,53,1,0.0,1,0.0,""6464,91"",""0,070097161"",7,1,1,0,226,""0,181742044"",""0,150367841"",""1,78231E+15"",""2,77E+12"",0.0561070717687386,0.2610837438423645,35,29,""9,75862E+15"",35,6,0.787049807214856,26970647750,0.1951724137931034"
"556,648,1,0,49,1,0.0,1,0.0,""6464,91"",""0,070097161"",7,1,1,0,226,""0,181742044"",""0,150367841"",""1,78266E+16"",""9,37E+09"",0.0560958849140266,0.4263157894736842,26,29,11.5,26,6,0.787004815525585,18345744050,0.2613636363636363"
"557,648,1,0,22,1,0.0,1,0.0,""6464,91"",""0,070097161"",6,""0,833333333"",1,0,226,""0,181742044"",""0,133701174"",""1,80667E+15"",""2,30E+10"",0.0553503663092043,0.5777777777777777,16,30,13.1,16,6,0.7839654712837005,4578858452,0.2471698113207547"
"595,722,1,0,67,1,0.0,1,0.0,""6704,35"",""0,07269646"",7,1,1,0,226,""0,181742044"",""0,150887701"",""1,71674E+16"",""6,54E+11"",0.0582499746082508,0.2634920634920635,42,29,""1,09722E+16"",42,6,0.7953495005356558,""3,63E+11"",0.2026748971193415"
"596,722,1,0,69,1,0.0,1,0.0,""6704,35"",""0,07269646"",7,1,1,0,226,""0,181742044"",""0,150887701"",""1,71932E+15"",""2,42E+11"",0.0581624241667771,0.2941176470588235,40,29,""1,12059E+16"",40,6,0.7950223911469938,""2,97E+11"",0.2436061381074168"
"597,725,1,0,40,1,0.0,1,0.0,""4788,82"",""0,051901959"",7,1,1,0,226,""0,181742044"",""0,146728801"",""1,46961E+15"",""7,02E+11"",0.068045402136249,0.1275559883154819,85,22,""1,21266E+16"",85,6,0.82663202400915,14190292786,0.1002196882519091"
"598,725,1,0,43,1,0.0,1,0.0,""4788,82"",""0,051901959"",7,1,1,0,226,""0,181742044"",""0,146728801"",""1,46983E+15"",""3,59E+12"",0.0680350532460145,0.1438356164383561,79,22,""1,25205E+16"",79,6,0.8266037273492312,5702633108,0.1061063385186905"
"600,725,1,0,10,1,0.0,1,0.0,""4788,82"",""0,051901959"",2,""0,166666667"",1,0,226,""0,181742044"",""0,063395467"",""1,47685E+16"",""1,07E+11"",0.0677118967323189,0.5384615384615384,20,22,""2,55714E+16"",20,6,0.8257157781609775,291333682,0.2582972582972583"
"646,771,1,0,60,1,0.0,1,0.0,""10535,4"",""0,114285354"",7,1,1,0,226,""0,181742044"",""0,15920548"",""1,80476E+16"",0.001042777961811978,0.0554089154176106,0.1985815602836879,54,28,""1,08333E+16"",54,6,0.7842071247594076,8788774270,0.1775956284153005"
"675,797,1,0,20,1,0.0,1,0.0,""1848,42"",""0,019981732"",6,""0,833333333"",1,0,226,""0,181742044"",""0,123678089"",""1,94477E+16"",""2,41E+09"",0.0514199865972852,0.6666666666666666,12,30,""8,85714E+15"",12,5,0.7664849266522279,3045988,0.2723214285714285"
"676,797,1,0,63,1,0.0,1,0.0,""1848,42"",""0,019981732"",5,""0,666666667"",1,0,226,""0,181742044"",""0,107011422"",""1,88473E+15"",""6,91E+10"",0.0530580051357169,0.4444444444444444,11,29,9.0,11,2,0.7740848435732344,1012002744,0.2693602693602693"
"702,840,1,0,50,1,0.0,1,0.0,""9218,48"",""0,099989209"",7,1,2,""0,25"",226,""0,181742044"",""0,206346251"",""1,54889E+16"",""5,76E+11"",0.0645624061886618,0.4444444444444444,13,24,""9,77778E+15"",13,4,0.8165963306023284,662223778,0.2222222222222222"
"703,840,1,0,61,1,0.0,1,0.0,""9218,48"",""0,099989209"",6,""0,833333333"",2,""0,25"",226,""0,181742044"",""0,189679584"",""1,54856E+16"",0.0015189845798876116,0.0645759200848809,0.3484848484848485,15,24,""8,91667E+15"",15,3,0.8166373607592108,1544010342,0.1981481481481481"
"734,884,1,0,38,1,0.0,1,0.0,""9479,06"",""0,102817999"",7,1,1,0,226,""0,181742044"",""0,156912009"",""1,85608E+16"",""4,24E+10"",0.0538769119595326,0.1865828092243186,60,28,""1,13148E+16"",60,6,0.7777110605418358,""1,62E+11"",0.1549974632166413"
"771,938,1,0,68,1,0.0,1,0.0,""6704,35"",""0,07269646"",7,1,1,0,226,""0,181742044"",""0,150887701"",""1,71932E+15"",""2,42E+11"",0.0581624241667771,0.2941176470588235,40,29,""1,12059E+16"",40,6,0.7950223911469938,""2,97E+11"",0.2436061381074168"
"803,984,1,0,28,1,0.0,1,0.0,""2036,45"",""0,022022937"",7,1,1,0,226,""0,181742044"",""0,140752996"",""1,61881E+15"",""3,39E+09"",0.0617737264882436,0.9523809523809524,13,25,""9,85714E+15"",13,6,0.8077454183463092,38772138,0.4285714285714285"
"821,1001,1,0,33,1,0.0,1,0.0,""1085,47"",""0,011699343"",5,""0,666666667"",3,""0,5"",226,""0,181742044"",""0,205354944"",""1,71797E+16"",""6,96E+10"",0.0582083628816613,0.5277777777777778,14,26,""9,33333E+15"",14,5,0.7951941518727013,1157254272,0.2745098039215686"
"822,1001,1,0,28,1,0.0,1,0.0,""1085,47"",""0,011699343"",5,""0,666666667"",3,""0,5"",226,""0,181742044"",""0,205354944"",""1,71797E+16"",""6,96E+10"",0.0582083628816613,0.5277777777777778,14,26,""9,33333E+15"",14,5,0.7951941518727013,1157254272,0.2745098039215686"
"848,1033,1,0,27,1,0.0,1,0.0,""8824,6"",""0,095713349"",7,1,1,0,226,""0,181742044"",""0,155491079"",""1,73244E+16"",""8,29E+09"",0.0577220351230338,0.6,10,27,""8,66667E+15"",10,4,0.7933619431429553,22629240,0.3466666666666667"
"899,1111,1,0,39,1,0.0,1,0.0,""758,32"",""0,008147886"",6,""0,833333333"",1,0,226,""0,181742044"",""0,121311319"",""1,58482E+16"",""3,65E+12"",0.0630985931386239,0.4181818181818181,16,25,""8,45455E+15"",16,5,0.8120479254869714,2226285958,0.226044226044226"
"900,1111,1,0,7,1,0.0,1,0.0,""758,32"",""0,008147886"",2,""0,166666667"",1,0,226,""0,181742044"",""0,054644653"",""1,51426E+16"",""4,24E+11"",0.0660388639319504,0.5333333333333333,16,25,8.8,16,6,0.8209797661903584,3409618002,0.2485714285714285"
"923,1143,1,0,64,1,0.0,1,0.0,""6704,35"",""0,07269646"",7,1,1,0,226,""0,181742044"",""0,150887701"",""1,71932E+15"",""2,42E+11"",0.0581624241667771,0.2941176470588235,40,29,""1,12059E+16"",40,6,0.7950223911469938,""2,97E+11"",0.2436061381074168"
"924,1143,1,0,66,1,0.0,1,0.0,""6704,35"",""0,07269646"",7,1,1,0,226,""0,181742044"",""0,150887701"",""1,71932E+15"",""2,42E+11"",0.0581624241667771,0.2941176470588235,40,29,""1,12059E+16"",40,6,0.7950223911469938,""2,97E+11"",0.2436061381074168"
"925,1146,1,0,24,1,0.0,1,0.0,""9697,36"",""0,105187808"",6,""0,833333333"",1,0,226,""0,181742044"",""0,140719304"",""1,7614E+16"",""4,62E+10"",0.056773070167423,0.6190476190476191,11,27,""1,25714E+16"",11,4,0.7896963938170666,14752208,0.3186813186813186"
"926,1146,1,0,27,1,0.0,1,0.0,""9697,36"",""0,105187808"",7,1,1,0,226,""0,181742044"",""0,15738597"",""1,7168E+16"",""1,51E+12"",0.0582477750506188,0.4,26,26,9.9,26,6,0.7953412945042793,2061724950,0.2402439024390243"
"937,1160,1,0,49,1,0.0,1,0.0,""9577,64"",""0,103888158"",7,1,1,0,226,""0,181742044"",""0,15712604"",""1,88336E+16"",""3,32E+11"",0.0530965468372219,0.1407017543859649,82,29,""1,18553E+16"",82,6,0.7742580191319377,24463242498,0.127475947934352"
"951,1172,1,0,48,1,0.0,1,0.0,""1181,24"",""0,012738997"",5,""0,666666667"",1,0,226,""0,181742044"",""0,105562875"",""1,6618E+16"",""9,29E+10"",0.0601756007269391,0.3888888888888889,13,25,9.0,13,4,0.8023034047107148,520103902,0.28125"
"952,1172,1,0,38,1,0.0,1,0.0,""1181,24"",""0,012738997"",2,""0,166666667"",1,0,226,""0,181742044"",""0,055562875"",""1,56532E+16"",0.0010733460388798986,0.0638848148248644,0.5111111111111111,16,24,9.5,16,6,0.8145168090648917,3000736886,0.25"
"953,1172,1,0,54,1,0.0,1,0.0,""1181,24"",""0,012738997"",2,""0,166666667"",1,0,226,""0,181742044"",""0,055562875"",""1,63687E+15"",""5,66E+10"",0.061092158560468,0.5833333333333334,15,25,""9,77778E+15"",15,6,0.8054593311914648,64246332,0.2793650793650793"
"1024,1258,1,0,65,1,0.0,1,0.0,""8140,99"",""0,088292255"",7,1,2,""0,25"",226,""0,181742044"",""0,20400686"",""1,65994E+15"",""7,34E+10"",0.0602432678478121,0.5777777777777777,16,25,9.4,16,6,0.8025396818210372,2302537646,0.31"
"1059,1315,1,0,34,1,0.0,1,0.0,""9577,64"",""0,103888158"",7,1,2,""0,25"",226,""0,181742044"",""0,20712604"",""1,82702E+16"",""2,45E+12"",0.0547339468175049,0.425,22,27,9.5,22,6,0.7813899092978863,1872044452,0.2419871794871795"
"1060,1315,1,0,7,1,0.0,1,0.0,""9577,64"",""0,103888158"",2,""0,166666667"",2,""0,25"",226,""0,181742044"",""0,123792707"",""1,87797E+16"",""7,33E+10"",0.0532490566486924,0.7142857142857143,11,28,""1,02857E+16"",11,4,0.7749408175357797,431307250,0.2817460317460317"
"1077,1347,1,0,66,1,0.0,1,0.0,""5687,43"",""0,061657038"",7,1,1,0,226,""0,181742044"",""0,148679816"",""1,80758E+16"",""5,47E+11"",0.0553226432781516,0.2522522522522522,43,28,""1,0973E+16"",43,6,0.7838508698110292,""1,01E+12"",0.2032032032032032"
"1084,1356,1,0,45,1,0.0,1,0.0,""7820,22"",""0,084810058"",7,1,1,0,226,""0,181742044"",""0,15331042"",""1,65406E+16"",""1,58E+12"",0.0604572336767901,0.4095238095238095,27,28,""1,07619E+16"",27,6,0.8032833180437048,8301285070,0.2989417989417989"
"1085,1356,1,0,10,1,0.0,1,0.0,""7820,22"",""0,084810058"",2,""0,166666667"",1,0,226,""0,181742044"",""0,069977087"",""1,68977E+16"",""4,12E+11"",0.0591795508153824,0.4230769230769231,19,28,""1,06154E+16"",19,6,0.7987629266216675,17956922360,0.2412587412587412"
"1086,1356,1,0,48,1,0.0,1,0.0,""7820,22"",""0,084810058"",7,1,1,0,226,""0,181742044"",""0,15331042"",""1,65406E+16"",""1,58E+12"",0.0604572336767901,0.4095238095238095,27,28,""1,07619E+16"",27,6,0.8032833180437048,8301285070,0.2989417989417989"
"1087,1356,1,0,12,1,0.0,1,0.0,""7820,22"",""0,084810058"",2,""0,166666667"",1,0,226,""0,181742044"",""0,069977087"",""1,68977E+16"",""4,12E+11"",0.0591795508153824,0.4230769230769231,19,28,""1,06154E+16"",19,6,0.7987629266216675,17956922360,0.2412587412587412"
"1130,1412,1,0,72,1,0.0,1,0.0,""9577,64"",""0,103888158"",5,""0,666666667"",1,0,226,""0,181742044"",""0,123792707"",""1,92329E+16"",""3,75E+09"",0.051994151326296,0.7142857142857143,11,29,19.0,11,4,0.7692033867706324,63153682,0.1964285714285714"
"1131,1412,1,0,75,1,0.0,1,0.0,""9577,64"",""0,103888158"",7,1,1,0,226,""0,181742044"",""0,15712604"",""1,88334E+16"",""3,48E+12"",0.0530970510210743,0.1370471633629528,83,29,""1,17792E+16"",83,6,0.7742602828647313,25221416948,0.122564935064935"
"1132,1413,1,0,60,1,0.0,1,0.0,""8215,18"",""0,089097642"",7,1,1,0,226,""0,181742044"",""0,154167937"",""1,74352E+16"",""6,10E+10"",0.0573551792621806,0.580952380952381,21,27,""1,01333E+16"",21,6,0.7919592777107776,859553204,0.3753086419753086"
"1133,1413,1,0,28,1,0.0,1,0.0,""8215,18"",""0,089097642"",7,1,1,0,226,""0,181742044"",""0,154167937"",""1,74352E+16"",""6,10E+10"",0.0573551792621806,0.580952380952381,21,27,""1,01333E+16"",21,6,0.7919592777107776,859553204,0.3753086419753086"
"1134,1413,1,0,21,1,0.0,1,0.0,""8215,18"",""0,089097642"",6,""0,833333333"",1,0,226,""0,181742044"",""0,137501271"",""1,70328E+16"",""1,51E+10"",0.0587101973105705,0.4444444444444444,14,27,""9,77778E+15"",14,5,0.7970529594627709,1392804954,0.2301587301587301"
"1138,1416,1,0,21,1,0.0,1,0.0,""4262,05"",""0,046183479"",6,""0,833333333"",1,0,226,""0,181742044"",""0,128918438"",""1,69463E+16"",""4,94E+11"",0.059009914573209,0.3888888888888889,14,25,""9,66667E+15"",14,5,0.7981480402016307,3259902038,0.2248062015503876"
"1139,1416,1,0,47,1,0.0,1,0.0,""4262,05"",""0,046183479"",7,1,1,0,226,""0,181742044"",""0,145585105"",""1,71783E+15"",""4,42E+11"",0.0582131349778515,0.6,12,25,11.3,12,2,0.7952119787684502,2422762186,0.3054054054054054"
"1140,1416,1,0,46,1,0.0,1,0.0,""4262,05"",""0,046183479"",7,1,1,0,226,""0,181742044"",""0,145585105"",""1,71783E+15"",""4,42E+11"",0.0582131349778515,0.6,12,25,11.3,12,2,0.7952119787684502,2422762186,0.3054054054054054"
"1141,1416,1,0,13,1,0.0,1,0.0,""4262,05"",""0,046183479"",2,""0,166666667"",1,0,226,""0,181742044"",""0,062251771"",""1,68855E+16"",""1,84E+12"",0.0592223279853102,0.3611111111111111,15,26,""8,88889E+14"",15,6,0.7989174263848243,2511631546,0.2372372372372372"
"1150,1430,1,0,36,1,0.0,1,0.0,""5687,43"",""0,061657038"",7,1,1,0,226,""0,181742044"",""0,148679816"",""1,80758E+16"",""5,47E+11"",0.0553226432781516,0.2522522522522522,43,28,""1,0973E+16"",43,6,0.7838508698110292,""1,01E+12"",0.2032032032032032"
"1152,1430,1,0,37,1,0.0,1,0.0,""5687,43"",""0,061657038"",7,1,1,0,226,""0,181742044"",""0,148679816"",""1,83734E+16"",""1,11E+12"",0.0544264864049367,0.3084677419354839,38,29,111875,38,6,0.7800834525094328,""6,58E+11"",0.2542613636363636"
"1279,1551,1,0,80,1,0.0,1,0.0,""21070,8"",""0,22865495"",7,1,1,0,226,""0,181742044"",""0,182079399"",""1,7609E+16"",""2,36E+12"",0.0567889981630598,0.5,18,27,""8,83333E+15"",18,6,0.7897589294354873,6996603600,0.2523809523809524"
"1297,1568,1,0,67,1,0.0,1,0.0,""29385,07"",""0,318912528"",7,1,1,0,226,""0,181742044"",""0,200130914"",""1,82957E+15"",""2,66E+10"",0.0546575745838734,0.6428571428571429,14,30,8.25,14,6,0.781066761441613,1986412958,0.358695652173913"
"1372,1659,1,0,57,1,0.0,1,0.0,""15324,22"",""0,166271554"",7,1,1,0,226,""0,181742044"",""0,16960272"",""1,68999E+16"",""1,75E+12"",0.0591721142119423,0.6212121212121212,18,27,9.25,18,6,0.7987360447947445,3093343410,0.3425925925925926"
"1373,1659,1,0,45,1,0.0,1,0.0,""15324,22"",""0,166271554"",7,1,1,0,226,""0,181742044"",""0,16960272"",""1,68999E+16"",""1,75E+12"",0.0591721142119423,0.6212121212121212,18,27,9.25,18,6,0.7987360447947445,3093343410,0.3425925925925926"
"1487,1768,1,0,40,1,0.0,1,0.0,""1277,02"",""0,01377876"",5,""0,666666667"",2,""0,25"",226,""0,181742044"",""0,155770828"",""1,63684E+16"",""3,00E+11"",0.0610934935033364,0.5714285714285714,10,25,""1,25714E+16"",10,3,0.8054638586570518,219562654,0.3066202090592334"
"1488,1768,1,0,15,1,0.0,1,0.0,""1277,02"",""0,01377876"",4,""0,5"",2,""0,25"",226,""0,181742044"",""0,139104161"",""1,5472E+16"",""5,84E+11"",0.0646330204313395,0.3461538461538461,19,24,""8,61538E+15"",19,6,0.816810536317914,4810676220,0.2871794871794871"
"1489,1768,1,0,41,1,0.0,1,0.0,""1277,02"",""0,01377876"",5,""0,666666667"",2,""0,25"",226,""0,181742044"",""0,155770828"",""1,63684E+16"",""3,00E+11"",0.0610934935033364,0.5714285714285714,9,25,""1,25714E+16"",9,2,0.8054638586570518,219562654,0.3066202090592334"
"1493,1778,1,0,68,1,0.0,1,0.0,""10616,54"",""0,115166189"",5,""0,666666667"",1,0,226,""0,181742044"",""0,126048313"",""1,80458E+16"",""2,49E+10"",0.0554146123925377,0.5333333333333333,9,28,8.0,9,3,0.7842306109871403,410099788,0.3636363636363636"
"1525,1813,1,0,45,1,0.0,1,0.0,""1648,55"",""0,017811995"",5,""0,666666667"",3,""0,5"",226,""0,181742044"",""0,206577475"",""1,72299E+16"",""2,31E+12"",0.0580385176266665,0.4363636363636363,16,27,""8,63636E+15"",16,5,0.7945577599911262,1115683896,0.2398989898989899"
"1526,1813,1,0,22,1,0.0,1,0.0,""1648,55"",""0,017811995"",5,""0,666666667"",3,""0,5"",226,""0,181742044"",""0,206577475"",""1,72299E+16"",""2,31E+12"",0.0580385176266665,0.4363636363636363,16,27,""8,63636E+15"",16,5,0.7945577599911262,1115683896,0.2398989898989899"
"1527,1813,1,0,20,1,0.0,1,0.0,""1648,55"",""0,017811995"",6,""0,833333333"",3,""0,5"",226,""0,181742044"",""0,223244141"",""1,72105E+16"",""3,93E+11"",0.0581039517025676,0.5833333333333334,13,26,""1,02222E+16"",13,4,0.7948033749992218,265911236,0.2920634920634921"
"1528,1813,1,0,45,1,0.0,1,0.0,""1648,55"",""0,017811995"",6,""0,833333333"",3,""0,5"",226,""0,181742044"",""0,223244141"",""1,72105E+16"",""3,93E+11"",0.0581039517025676,0.5833333333333334,13,26,""1,02222E+16"",13,4,0.7948033749992218,265911236,0.2920634920634921"
"1529,1813,1,0,26,1,0.0,1,0.0,""1648,55"",""0,017811995"",7,1,3,""0,5"",226,""0,181742044"",""0,239910808"",""1,66473E+16"",""4,00E+12"",0.0600696654500726,0.3636363636363636,17,26,9.75,17,5,0.8019324354991786,1691146254,0.1989795918367347"
"1541,1825,1,0,84,1,0.0,1,0.0,""13270,68"",""0,143978851"",5,""0,666666667"",1,0,226,""0,181742044"",""0,131810846"",""1,91863E+15"",""3,97E+09"",0.0521205201099874,0.8,10,29,""9,66667E+15"",10,4,0.7697936550965397,97700960,0.3222222222222222"
"1543,1832,1,0,10,1,0.0,1,0.0,""2424,34"",""0,026233771"",2,""0,166666667"",3,""0,5"",226,""0,181742044"",""0,15826183"",""1,64049E+16"",""4,29E+11"",0.0609572138517072,0.3076923076923077,13,25,""1,00769E+16"",13,0,0.8050006423341801,2804751886,0.1975867269984917"
"1544,1832,1,0,26,1,0.0,1,0.0,""2424,34"",""0,026233771"",7,1,3,""0,5"",226,""0,181742044"",""0,241595163"",""1,55502E+16"",""7,48E+11"",0.0643080068025548,0.4725274725274725,20,24,""1,04286E+16"",20,6,0.8158207191539525,4186526060,0.1967654986522911"
"1545,1832,1,0,34,1,0.0,1,0.0,""2424,34"",""0,026233771"",5,""0,666666667"",3,""0,5"",226,""0,181742044"",""0,20826183"",""1,63936E+15"",""2,35E+12"",0.0609993563800194,0.4363636363636363,16,25,""1,07273E+16"",16,5,0.8051441063999687,1328410850,0.2189239332096475"
"1546,1832,1,0,18,1,0.0,1,0.0,""2424,34"",""0,026233771"",4,""0,5"",3,""0,5"",226,""0,181742044"",""0,191595163"",""1,64962E+16"",""4,22E+11"",0.0606201867634045,0.3076923076923077,18,25,""1,02308E+15"",18,5,0.8038461386094907,1923268038,0.1967455621301775"
"1547,1833,1,0,24,1,0.0,1,0.0,""2154,97"",""0,02330956"",7,1,1,0,226,""0,181742044"",""0,141010321"",""1,80303E+16"",""2,11E+11"",0.0554622932283284,0.7111111111111111,16,27,9.8,16,6,0.7844269898069771,967987474,0.3769230769230769"
"1548,1833,1,0,34,1,0.0,1,0.0,""2154,97"",""0,02330956"",7,1,1,0,226,""0,181742044"",""0,141010321"",""1,80303E+16"",""2,11E+11"",0.0554622932283284,0.7111111111111111,16,27,9.8,16,6,0.7844269898069771,967987474,0.3769230769230769"
"1592,1859,1,0,64,1,0.0,1,0.0,""4788,82"",""0,051901959"",5,""0,666666667"",2,""0,25"",226,""0,181742044"",""0,163395467"",""1,46788E+16"",""1,44E+10"",0.0681252979168284,0.9523809523809524,13,22,""1,01429E+16"",13,6,0.8268501912571244,8319478,0.4226190476190476"
"1593,1863,1,0,74,1,0.0,1,0.0,""3352,17"",""0,036306056"",7,1,1,0,226,""0,181742044"",""0,14360962"",""1,92082E+15"",""1,09E+09"",0.0520610758094174,0.6025641025641025,19,31,""9,69231E+15"",19,6,0.769516347829335,24895224,0.3461538461538461"
"1594,1863,1,0,78,1,0.0,1,0.0,""3352,17"",""0,036306056"",7,1,1,0,226,""0,181742044"",""0,14360962"",""1,92082E+15"",""1,09E+09"",0.0520610758094174,0.6025641025641025,19,31,""9,69231E+15"",19,6,0.769516347829335,24895224,0.3461538461538461"
"1603,1872,1,0,59,1,0.0,1,0.0,""30648,44"",""0,332627348"",7,1,1,0,226,""0,181742044"",""0,202873878"",""1,77792E+16"",""5,70E+09"",0.056245622902608,0.6666666666666666,13,28,8.0,13,6,0.7876055536156623,28549634,0.4"
"1605,1875,1,0,30,1,0.0,1,0.0,""1436,65"",""0,015511663"",5,""0,666666667"",2,""0,25"",226,""0,181742044"",""0,156117408"",""1,68131E+15"",""2,53E+08"",0.0594774483225349,0.6428571428571429,10,25,9125,10,2,0.7998342381661954,51453954,0.3379629629629629"
"1607,1875,1,0,31,1,0.0,1,0.0,""1436,65"",""0,015511663"",5,""0,666666667"",2,""0,25"",226,""0,181742044"",""0,156117408"",""1,68131E+15"",""2,53E+08"",0.0594774483225349,0.6428571428571429,10,25,9125,10,2,0.7998342381661954,51453954,0.3379629629629629"
"1638,1896,1,0,30,1,0.0,1,0.0,""10056,52"",""0,109086756"",7,1,1,0,226,""0,181742044"",""0,15816576"",""1,75634E+16"",""1,60E+11"",0.0569365938593398,0.3466666666666667,31,26,10.08,31,6,0.7903367472310303,2536291182,0.2584615384615384"
"1639,1896,1,0,67,1,0.0,1,0.0,""10056,52"",""0,109086756"",7,1,1,0,226,""0,181742044"",""0,15816576"",""1,75635E+15"",""8,70E+10"",0.0569363764566925,0.3992094861660079,29,26,""1,05217E+16"",29,6,0.7903358983312327,2333979366,0.2768878718535469"
"1640,1896,1,0,58,1,0.0,1,0.0,""10056,52"",""0,109086756"",7,1,1,0,226,""0,181742044"",""0,15816576"",""1,75651E+15"",""4,13E+10"",0.0569310868372792,0.4329004329004329,28,26,""1,06818E+16"",28,6,0.790315241769492,1743819432,0.3141711229946524"
"1641,1902,1,0,47,1,0.0,1,0.0,""5746,58"",""0,062299155"",7,1,1,0,226,""0,181742044"",""0,14880824"",""1,83356E+16"",""3,28E+10"",0.0545388266361708,0.1901306240928882,59,28,""1,18868E+15"",59,6,0.7805625149618589,""7,33E+11"",0.1449608835710998"
"1642,1902,1,0,49,1,0.0,1,0.0,""5746,58"",""0,062299155"",7,1,1,0,226,""0,181742044"",""0,14880824"",""1,83356E+16"",""3,28E+10"",0.0545388266361708,0.1901306240928882,59,28,""1,18868E+15"",59,6,0.7805625149618589,""7,33E+11"",0.1449608835710998"
"1643,1902,1,0,19,1,0.0,1,0.0,""5746,58"",""0,062299155"",6,""0,833333333"",1,0,226,""0,181742044"",""0,132141573"",""1,88986E+16"",""5,21E+10"",0.0529138455569592,0.5714285714285714,14,29,19.25,14,6,0.7734348692948981,55678733352,0.30078125"
"1649,1916,1,0,33,1,0.0,1,0.0,""1939,47"",""0,020970147"",7,1,1,0,226,""0,181742044"",""0,140542438"",""1,77313E+16"",""7,13E+09"",0.0563974422334062,0.6727272727272727,17,28,""1,00909E+16"",17,6,0.7882113851045249,6504892402,0.2967914438502674"
"1669,1936,1,0,72,1,0.0,1,0.0,""3831,06"",""0,041504762"",3,""0,333333333"",1,0,226,""0,181742044"",""0,077982695"",""1,59254E+16"",0.0057974588155050195,0.0627929337946814,0.5238095238095238,13,25,""9,14286E+15"",13,6,0.8110714077531715,""6,82E+11"",0.2571428571428571"
"1670,1936,1,0,73,1,0.0,1,0.0,""3831,06"",""0,041504762"",5,""0,666666667"",1,0,226,""0,181742044"",""0,111316028"",""1,68816E+15"",""5,09E+11"",0.0592360517067408,0.5833333333333334,15,26,""8,33333E+15"",15,6,0.7989669455396824,11168303698,0.2569444444444444"
"1677,1946,1,0,41,1,0.0,1,0.0,""11374,87"",""0,123398425"",7,1,1,0,226,""0,181742044"",""0,161028094"",""1,7618E+16"",""7,55E+11"",0.0567602477788971,0.2641129032258064,38,28,1034375,38,6,0.789646025762411,99663294942,0.1847098214285714"
"1699,1987,1,0,39,1,0.0,1,0.0,""5689,96"",""0,061684503"",7,1,1,0,226,""0,181742044"",""0,148685309"",""1,8006E+16"",""1,99E+12"",0.0555369331654835,0.6222222222222222,14,28,15.2,14,4,0.7847337256004976,57310972520,0.2576271186440678"
"1700,1987,1,0,40,1,0.0,1,0.0,""5689,96"",""0,061684503"",7,1,1,0,226,""0,181742044"",""0,148685309"",""1,84391E+16"",""3,62E+11"",0.0542326935829778,0.6944444444444444,13,28,""1,57778E+16"",13,4,0.779252379607616,19434853230,0.2976939203354298"
"1701,1987,1,0,15,1,0.0,1,0.0,""5689,96"",""0,061684503"",4,""0,5"",1,0,226,""0,181742044"",""0,098685309"",""1,78988E+15"",""5,32E+11"",0.0558697313796703,0.25,10,28,8875,10,2,0.7860913993434042,35186933168,0.2610294117647059"
"1773,2078,1,0,42,1,0.0,1,0.0,""2458,26"",""0,026601998"",7,1,1,0,226,""0,181742044"",""0,141668808"",""1,75272E+16"",""2,31E+11"",0.0570543070683366,0.4761904761904761,11,27,""8,71429E+15"",11,4,0.790795436088315,304397912,0.3227513227513227"
"1774,2078,1,0,38,1,0.0,1,0.0,""2458,26"",""0,026601998"",7,1,1,0,226,""0,181742044"",""0,141668808"",""1,75272E+16"",""2,31E+11"",0.0570543070683366,0.4761904761904761,9,27,""8,71429E+15"",9,2,0.790795436088315,304397912,0.3227513227513227"
"1775,2078,1,0,12,1,0.0,1,0.0,""2458,26"",""0,026601998"",2,""0,166666667"",1,0,226,""0,181742044"",""0,058335475"",""1,74842E+15"",""1,26E+12"",0.057194656683748,0.3571428571428571,11,27,8.25,11,3,0.7913398638251539,3042544672,0.2578125"
"1811,2138,1,0,45,1,0.0,1,0.0,""13408,69"",""0,145477052"",7,1,1,0,226,""0,181742044"",""0,165443819"",""1,67709E+16"",0.001498166905471102,0.0596271271838332,0.5824175824175825,20,27,""9,71429E+15"",20,6,0.8003684791054634,32852632660,0.3238095238095238"
"1812,2138,1,0,50,1,0.0,1,0.0,""13408,69"",""0,145477052"",7,1,1,0,226,""0,181742044"",""0,165443819"",""1,67709E+16"",0.001498166905471102,0.0596271271838332,0.5824175824175825,20,27,""9,71429E+15"",20,6,0.8003684791054634,32852632660,0.3238095238095238"
"1813,2138,1,0,11,1,0.0,1,0.0,""13408,69"",""0,145477052"",2,""0,166666667"",1,0,226,""0,181742044"",""0,082110486"",""1,58439E+16"",0.004657640637842695,0.0631159533776643,0.4285714285714285,13,26,9875,13,5,0.8121031039738131,""4,17E+11"",0.2743055555555556"
"1814,2139,1,0,60,1,0.0,1,0.0,""4848,68"",""0,052551784"",5,""0,666666667"",1,0,226,""0,181742044"",""0,113525432"",""1,63283E+15"",""1,76E+10"",0.0612434610345427,0.4722222222222222,15,23,""1,38889E+15"",15,6,0.805971217769397,540546558,0.2620545073375262"
"1815,2139,1,0,21,1,0.0,1,0.0,""4848,68"",""0,052551784"",7,1,1,0,226,""0,181742044"",""0,146858766"",""1,5745E+16"",""3,56E+11"",0.0635121206011886,0.2689655172413793,36,23,""1,06667E+16"",36,6,0.8133540993088257,14253856132,0.1693121693121693"
"1816,2139,1,0,68,1,0.0,1,0.0,""4848,68"",""0,052551784"",7,1,1,0,226,""0,181742044"",""0,146858766"",""1,60278E+15"",""8,80E+10"",0.0623916472683605,0.3695652173913043,30,24,""1,10833E+16"",30,6,0.8097748547956897,7165875236,0.2409420289855072"
"1820,2144,1,0,55,1,0.0,1,0.0,""4549,95"",""0,049308847"",2,""0,166666667"",1,0,226,""0,181742044"",""0,062876845"",""1,66173E+16"",""8,67E+08"",0.0601781102023245,0.9333333333333332,12,24,""8,66667E+15"",12,6,0.8023121766752896,1722989944,0.4814814814814814"
"1821,2148,1,0,2,1,0.0,99999,,""4788,82"",""0,051901959"",1,0,1,0,226,""0,181742044"",""0,046728801"",""1,43424E+14"",0.013577160241922561,0.069723111931982,0.4444444444444444,13,22,22.6,13,3,0.8311082726417138,""7,52E+12"",0.2173076923076923"
"1822,2148,1,0,8,1,0.0,2,1.0,""4788,82"",""0,051901959"",2,""0,166666667"",1,0,226,""0,181742044"",""0,163395467"",""1,43888E+16"",0.0013443005521016208,0.0694985613701473,0.5111111111111111,16,22,22.2,16,6,0.830521682881596,13088720092,0.222"
"1823,2148,1,0,40,1,0.0,1,0.0,""4788,82"",""0,051901959"",7,1,1,0,226,""0,181742044"",""0,146728801"",""1,43509E+15"",0.005246062230248765,0.0696818411931928,0.1459311424100156,78,22,""1,25833E+16"",78,6,0.8310007453340222,""3,02E+11"",0.1014784946236559"
"1824,2148,1,0,43,1,0.0,1,0.0,""4788,82"",""0,051901959"",7,1,1,0,226,""0,181742044"",""0,146728801"",""1,43509E+15"",0.005246062230248765,0.0696818411931928,0.1459311424100156,78,22,""1,25833E+16"",78,6,0.8310007453340222,""3,02E+11"",0.1014784946236559"
"1834,2162,1,0,33,1,0.0,1,0.0,""16114,39"",""0,174849436"",7,1,1,0,226,""0,181742044"",""0,171318296"",""1,69049E+15"",""6,19E+10"",0.0591545086568379,0.5303030303030303,18,26,""9,41667E+15"",18,6,0.7986723773099271,1086212820,0.269047619047619"
"1887,2266,1,0,58,1,0.0,1,0.0,""6788,15"",""0,073606171"",7,1,1,0,226,""0,181742044"",""0,151069643"",""1,8973E+16"",""1,06E+12"",0.0527064889282676,0.5619047619047619,21,30,""1,04667E+16"",21,6,0.772493722385997,10124168174,0.3171717171717171"
"1888,2266,1,0,60,1,0.0,1,0.0,""6788,15"",""0,073606171"",7,1,1,0,226,""0,181742044"",""0,151069643"",""1,8973E+16"",""1,06E+12"",0.0527064889282676,0.5619047619047619,21,30,""1,04667E+16"",21,6,0.772493722385997,10124168174,0.3171717171717171"
"1910,2295,1,0,73,1,0.0,1,0.0,""7819,17"",""0,08479866"",5,""0,666666667"",1,0,226,""0,181742044"",""0,119974808"",""1,58066E+16"",""4,71E+11"",0.0632646624984266,0.3809523809523809,11,26,""8,28571E+15"",11,4,0.8125745263280614,4242702952,0.2807881773399014"
"1911,2295,1,0,66,1,0.0,1,0.0,""7819,17"",""0,08479866"",7,1,1,0,226,""0,181742044"",""0,153308141"",""1,67399E+16"",""2,72E+10"",0.0597374085924438,0.7142857142857143,10,27,""1,25714E+16"",10,3,0.8007603878453395,234038116,0.4285714285714285"
"1929,2330,1,0,49,1,0.0,1,0.0,""5333,55"",""0,057815408"",7,1,1,0,226,""0,181742044"",""0,14791149"",""1,90656E+15"",""2,61E+11"",0.0524503975931019,0.4615384615384615,20,28,""9,07143E+15"",20,6,0.7713211087989595,4138352452,0.3023809523809523"
"1930,2330,1,0,52,1,0.0,1,0.0,""5333,55"",""0,057815408"",7,1,1,0,226,""0,181742044"",""0,14791149"",""1,90685E+16"",""2,16E+10"",0.0524425270512655,0.5,19,28,""9,15385E+15"",19,6,0.7712848890742634,4020748776,0.3520710059171598"
"1942,2355,1,0,64,1,0.0,1,0.0,""11972,05"",""0,129881258"",6,""0,833333333"",1,0,226,""0,181742044"",""0,145657994"",""1,84456E+15"",""9,13E+10"",0.054213567571236,0.6111111111111112,15,27,13.0,15,6,0.779170036327252,17266008644,0.1895424836601307"
"1946,2358,1,0,73,1,0.0,1,0.0,""9098,76"",""0,09868956"",7,1,1,0,226,""0,181742044"",""0,156086321"",""1,64784E+15"",""5,19E+11"",0.0606854001785263,0.3204301075268817,37,24,""1,14839E+16"",37,6,0.8040705311226473,2552085078,0.2496493688639551"
"1955,2361,1,0,35,1,0.0,1,0.0,""6704,35"",""0,07269646"",7,1,1,0,226,""0,181742044"",""0,150887701"",""1,72049E+16"",""2,33E+12"",0.0581229008179095,0.3049242424242424,39,29,""1,12727E+16"",39,6,0.7948743996156181,""2,90E+11"",0.2683982683982684"
"2019,2464,1,0,25,1,0.0,1,0.0,""1436,65"",""0,015511663"",7,1,1,0,226,""0,181742044"",""0,139450741"",""1,69238E+14"",""1,67E+12"",0.059088249318756,0.3676470588235294,23,26,""8,17647E+15"",23,6,0.7984324216338151,502403352,0.2477718360071301"
"2048,2491,1,0,37,1,0.0,1,0.0,""6464,91"",""0,070097161"",7,1,1,0,226,""0,181742044"",""0,150367841"",""1,78309E+16"",""1,83E+11"",0.0560824525134551,0.5661764705882353,23,29,""1,20588E+16"",23,6,0.7869507689051399,7357534088,0.3173374613003096"
"2049,2491,1,0,37,1,0.0,1,0.0,""6464,91"",""0,070097161"",7,1,1,0,226,""0,181742044"",""0,150367841"",""1,78309E+16"",""1,83E+11"",0.0560824525134551,0.5661764705882353,23,29,""1,20588E+16"",23,6,0.7869507689051399,7357534088,0.3173374613003096"
"2145,2609,1,0,36,1,0.0,1,0.0,""9479,06"",""0,102817999"",7,1,1,0,226,""0,181742044"",""0,156912009"",""1,85608E+16"",""4,24E+10"",0.0538769119595326,0.1865828092243186,60,28,""1,13148E+16"",60,6,0.7777110605418358,""1,62E+11"",0.1549974632166413"
"2179,2647,1,0,28,1,0.0,1,0.0,""3394,08"",""0,03676102"",6,""0,833333333"",1,0,226,""0,181742044"",""0,127033946"",""1,85527E+16"",""1,81E+07"",0.0539005417285188,0.9047619047619048,11,30,""1,01429E+16"",11,4,0.7778140603839404,1656,0.4829931972789115"
"2216,2688,1,0,8,1,0.0,1,0.0,""7342,86"",""0,079627961"",2,""0,166666667"",1,0,226,""0,181742044"",""0,068940668"",""1,81715E+16"",""7,34E+10"",0.0550311544683442,0.5714285714285714,13,30,11.25,13,5,0.7826389238667046,13226598380,0.3308823529411764"
"2217,2688,1,0,35,1,0.0,1,0.0,""7342,86"",""0,079627961"",7,1,1,0,226,""0,181742044"",""0,152274001"",""1,76009E+14"",""9,78E+10"",0.056815324160039,0.5294117647058824,23,29,""1,04118E+16"",23,6,0.7898622122441911,37041782672,0.3856209150326797"
"2218,2688,1,0,41,1,0.0,1,0.0,""7342,86"",""0,079627961"",7,1,1,0,226,""0,181742044"",""0,152274001"",""1,76009E+14"",""9,78E+10"",0.056815324160039,0.5294117647058824,23,29,""1,04118E+16"",23,6,0.7898622122441911,37041782672,0.3856209150326797"
"2255,2759,1,0,18,1,0.0,1,0.0,""5181,88"",""0,056168917"",4,""0,5"",1,0,226,""0,181742044"",""0,097582192"",""1,67553E+15"",""3,82E+12"",0.0596826548868559,0.3076923076923077,20,25,""9,78571E+15"",20,6,0.8005659897916969,16563919812,0.1881868131868131"
"2256,2759,1,0,59,1,0.0,2,1.0,""5181,88"",""0,056168917"",1,0,1,0,226,""0,181742044"",""0,147582192"",""1,61965E+15"",""2,60E+11"",0.0617416687944681,0.6666666666666666,13,24,""1,16667E+16"",13,4,0.8076390229050143,8696099232,0.2592592592592592"
"2258,2759,1,0,45,1,0.0,1,0.0,""5181,88"",""0,056168917"",5,""0,666666667"",1,0,226,""0,181742044"",""0,114248859"",""1,64184E+16"",""2,05E+11"",0.0609071674232295,0.3787878787878788,17,25,""9,33333E+15"",17,5,0.8048300134748695,4798483346,0.2028985507246377"
"2259,2759,1,0,54,1,0.0,1,0.0,""5181,88"",""0,056168917"",7,1,1,0,226,""0,181742044"",""0,147582192"",""1,61965E+15"",""2,60E+11"",0.0617416687944681,0.6666666666666666,13,24,""1,16667E+16"",13,4,0.8076390229050143,8696099232,0.2592592592592592"
"2260,2759,1,0,58,1,0.0,1,0.0,""5181,88"",""0,056168917"",7,1,1,0,226,""0,181742044"",""0,147582192"",""1,61965E+15"",""2,60E+11"",0.0617416687944681,0.6666666666666666,13,24,""1,16667E+16"",13,4,0.8076390229050143,8696099232,0.2592592592592592"
"2268,2770,1,0,74,1,0.0,1,0.0,""25859,62"",""0,280641149"",7,1,1,0,226,""0,181742044"",""0,192476639"",""1,76066E+16"",""1,02E+10"",0.056796785231363,0.8666666666666667,12,26,9.0,12,6,0.7897894898281996,347447902,0.391304347826087"
"2315,2823,1,0,35,1,0.0,1,0.0,""9479,06"",""0,102817999"",7,1,1,0,226,""0,181742044"",""0,156912009"",""1,85608E+16"",""4,24E+10"",0.0538769119595326,0.1865828092243186,60,28,""1,13148E+16"",60,6,0.7777110605418358,""1,62E+11"",0.1549974632166413"
"2321,2830,1,0,23,1,0.0,1,0.0,""6417,02"",""0,06957728"",6,""0,833333333"",1,0,226,""0,181742044"",""0,133597198"",""1,97956E+14"",""4,85E+10"",0.0505162404281244,0.7619047619047619,11,32,8.0,11,4,0.7620808345024569,1890744822,0.4210526315789473"
"2322,2830,1,0,19,1,0.0,1,0.0,""6417,02"",""0,06957728"",6,""0,833333333"",1,0,226,""0,181742044"",""0,133597198"",""1,97956E+14"",""4,85E+10"",0.0505162404281244,0.7619047619047619,11,32,8.0,11,4,0.7620808345024569,1890744822,0.4210526315789473"
"2405,2953,1,0,43,1,0.0,1,0.0,""3831,06"",""0,041504762"",7,1,1,0,226,""0,181742044"",""0,144649361"",""1,73883E+16"",""7,24E+11"",0.0575100244649654,0.2442645074224021,45,27,""1,18718E+16"",45,6,0.7925535075690736,""2,95E+11"",0.1558704453441295"
"2406,2953,1,0,8,1,0.0,1,0.0,""3831,06"",""0,041504762"",2,""0,166666667"",1,0,226,""0,181742044"",""0,061316028"",""1,78975E+16"",""1,94E+12"",0.0558735694060544,0.4166666666666667,22,28,125625,22,6,0.7861069625063597,38599070012,0.1524390243902439"
"2516,3077,1,0,33,1,0.0,1,0.0,""5687,43"",""0,061657038"",7,1,1,0,226,""0,181742044"",""0,148679816"",""1,83734E+16"",""1,11E+12"",0.0544264864049367,0.3084677419354839,38,29,111875,38,6,0.7800834525094328,""6,58E+11"",0.2542613636363636"
"2560,3148,1,0,50,1,0.0,1,0.0,""3192,55"",""0,034573262"",7,1,1,0,226,""0,181742044"",""0,143263061"",""1,83987E+16"",""1,40E+12"",0.0543516955896807,0.391812865497076,25,30,""1,01053E+16"",25,6,0.7797634172857505,68523036558,0.2245614035087719"
"2561,3148,1,0,39,1,0.0,1,0.0,""3192,55"",""0,034573262"",7,1,1,0,226,""0,181742044"",""0,143263061"",""1,85259E+15"",""9,30E+10"",0.0539783936800367,0.4264705882352941,23,30,""1,00588E+16"",23,6,0.7781527714031691,67562168958,0.2514705882352941"
"2562,3148,1,0,9,1,0.0,1,0.0,""3192,55"",""0,034573262"",2,""0,166666667"",1,0,226,""0,181742044"",""0,059929728"",""1,75582E+16"",""3,31E+12"",0.0569534838716248,0.4545454545454545,18,29,11.0,18,6,0.7904026784486413,""2,52E+11"",0.2156862745098039"
"2569,3162,1,0,71,1,0.0,1,0.0,""7231,12"",""0,07841494"",7,1,1,0,226,""0,181742044"",""0,152031397"",""1,82558E+16"",""1,75E+11"",0.0547772432110088,0.7333333333333333,11,29,""7,33333E+15"",11,5,0.781572705720962,100577664,0.4313725490196078"
"2570,3162,1,0,79,1,0.0,1,0.0,""7231,12"",""0,07841494"",7,1,1,0,226,""0,181742044"",""0,152031397"",""1,82558E+16"",""1,75E+11"",0.0547772432110088,0.7333333333333333,11,29,""7,33333E+15"",11,5,0.781572705720962,100577664,0.4313725490196078"
"2571,3171,1,0,30,1,0.0,1,0.0,""2394,41"",""0,025908859"",7,1,1,0,226,""0,181742044"",""0,141530181"",""1,692E+16"",""1,78E+12"",0.0591015205423166,0.3361823361823361,33,27,""1,11111E+15"",33,6,0.7984805259556772,1081744172,0.2222222222222222"
"2588,3194,1,0,36,1,0.0,1,0.0,""15166,49"",""0,164559277"",7,1,1,0,226,""0,181742044"",""0,169260264"",""1,68307E+16"",""2,91E+11"",0.0594151984646137,0.3952380952380952,27,27,""9,85714E+15"",27,6,0.7996112604860347,680327750,0.3080357142857143"
"2589,3197,1,0,28,1,0.0,1,0.0,""6704,35"",""0,07269646"",7,1,1,0,226,""0,181742044"",""0,150887701"",""1,81673E+15"",0.0,0.0550440879346962,1.0,12,30,""3,41667E+16"",12,6,0.7826929704871496,0,0.949074074074074"
"2590,3200,1,0,28,1,0.0,1,0.0,""1516,65"",""0,016380122"",7,1,1,0,226,""0,181742044"",""0,139624433"",""1,58672E+16"",""6,94E+11"",0.0630232092893511,0.4666666666666667,16,25,8.0,16,6,0.8118079698108595,3227844314,0.316"
"2591,3200,1,0,26,1,0.0,1,0.0,""1516,65"",""0,016380122"",6,""0,833333333"",1,0,226,""0,181742044"",""0,122957767"",""1,59025E+15"",""1,33E+10"",0.0628830561272111,0.7142857142857143,13,25,""8,28571E+15"",13,6,0.8113603166509431,496184,0.4071428571428571"
"2603,3215,1,0,70,1,0.0,1,0.0,""13959,41"",""0,151455527"",7,1,1,0,226,""0,181742044"",""0,166639514"",""1,64478E+16"",0.00120336383274952,0.0607983951637454,0.6428571428571429,14,27,8875,14,6,0.8044581953635356,15978780144,0.2734375"
"2604,3216,1,0,32,1,0.0,1,0.0,""9697,36"",""0,105187808"",7,1,1,0,226,""0,181742044"",""0,15738597"",""1,71699E+16"",""1,29E+11"",0.0582415565106102,0.4444444444444444,25,26,""1,01053E+16"",25,6,0.7953180912431458,2033079104,0.2807017543859649"
"2605,3216,1,0,31,1,0.0,1,0.0,""9697,36"",""0,105187808"",7,1,1,0,226,""0,181742044"",""0,15738597"",""1,71699E+16"",""1,29E+11"",0.0582415565106102,0.4444444444444444,25,26,""1,01053E+16"",25,6,0.7953180912431458,2033079104,0.2807017543859649"
"2649,3265,1,0,46,1,0.0,1,0.0,""17455,24"",""0,189405359"",7,1,3,""0,5"",226,""0,181742044"",""0,274229481"",""1,64629E+16"",""5,35E+11"",0.0607426699128658,0.6428571428571429,12,25,9.0,12,4,0.8042671929090833,5254067232,0.3333333333333333"
"2658,3279,1,0,40,1,0.0,1,0.0,""4788,82"",""0,051901959"",7,1,1,0,226,""0,181742044"",""0,146728801"",""1,47238E+16"",""2,20E+12"",0.0679172980047187,0.1519668737060041,76,22,""1,27571E+16"",76,6,0.8262811454261562,1480673738,0.1128950695322376"
"2659,3279,1,0,10,1,0.0,1,0.0,""4788,82"",""0,051901959"",2,""0,166666667"",1,0,226,""0,181742044"",""0,063395467"",""1,47827E+16"",""9,63E+09"",0.0676467741740361,0.6025641025641025,19,22,""1,63077E+16"",19,6,0.8255358114038935,298601786,0.1811965811965812"
"2660,3279,1,0,36,1,0.0,1,0.0,""4788,82"",""0,051901959"",7,1,1,0,226,""0,181742044"",""0,146728801"",""1,53297E+16"",""2,33E+09"",0.0652329247343815,0.7619047619047619,13,23,""6,44286E+15"",13,6,0.8186116187217494,351382,0.7003105590062112"
"2661,3281,1,0,45,1,0.0,1,0.0,""12450,93"",""0,135079856"",7,1,1,0,226,""0,181742044"",""0,16336438"",""1,59635E+15"",""7,97E+10"",0.0626429224588334,0.6,21,24,""1,02667E+16"",21,6,0.810588666734956,1255509804,0.3666666666666666"
"2674,3298,1,0,52,1,0.0,1,0.0,""3394,08"",""0,03676102"",7,1,3,""0,5"",226,""0,181742044"",""0,243700613"",""1,89825E+15"",""1,32E+11"",0.0526801097080301,0.5606060606060606,18,29,""9,66667E+15"",18,6,0.7723734615813419,8531398642,0.2662037037037037"
"2675,3298,1,0,53,1,0.0,1,0.0,""3394,08"",""0,03676102"",5,""0,666666667"",3,""0,5"",226,""0,181742044"",""0,21036728"",""1,91586E+16"",""2,29E+11"",0.052195930178288,0.5272727272727272,16,29,""8,81818E+15"",16,5,0.7701445336795335,888497210,0.2644628099173554"
"2689,3306,1,0,27,1,0.0,1,0.0,""16114,39"",""0,174849436"",7,1,1,0,226,""0,181742044"",""0,171318296"",""1,69049E+15"",""6,19E+10"",0.0591545086568379,0.5303030303030303,18,26,""9,41667E+15"",18,6,0.7986723773099271,1086212820,0.269047619047619"
"2723,3342,1,0,32,1,0.0,1,0.0,""1484,53"",""0,016031436"",5,""0,666666667"",2,""0,25"",226,""0,181742044"",""0,156221363"",""1,77635E+16"",""2,72E+09"",0.0562952410675633,0.9047619047619048,9,26,""1,24286E+16"",9,2,0.7878039132016935,9063970,0.5178571428571429"
"2724,3342,1,0,33,1,0.0,1,0.0,""1484,53"",""0,016031436"",5,""0,666666667"",2,""0,25"",226,""0,181742044"",""0,156221363"",""1,77635E+16"",""2,72E+09"",0.0562952410675633,0.9047619047619048,9,26,""1,24286E+16"",9,2,0.7878039132016935,9063970,0.5178571428571429"
"2737,3371,1,0,50,1,0.0,1,0.0,""4412,3"",""0,047814554"",5,""0,666666667"",1,0,226,""0,181742044"",""0,112577986"",""1,82954E+16"",""4,79E+09"",0.0546586431255154,0.75,10,26,9.5,10,2,0.7810712889072,130266414,0.4318181818181818"
"2738,3371,1,0,48,1,0.0,1,0.0,""4412,3"",""0,047814554"",5,""0,666666667"",1,0,226,""0,181742044"",""0,112577986"",""1,82954E+16"",""4,79E+09"",0.0546586431255154,0.75,10,26,9.5,10,2,0.7810712889072,130266414,0.4318181818181818"
"2786,3440,1,0,68,1,0.0,1,0.0,""12322,77"",""0,133688584"",7,1,1,0,226,""0,181742044"",""0,163086126"",""1,68633E+15"",""1,69E+11"",0.0593005205730412,0.3384615384615385,32,24,""1,03462E+16"",32,6,0.7991992611176162,1813188934,0.2351398601398601"
"2829,3480,1,0,39,1,0.0,1,0.0,""11374,87"",""0,123398425"",7,1,1,0,226,""0,181742044"",""0,161028094"",""1,71875E+14"",0.001944062544533157,0.0581817898047254,0.2881773399014778,35,27,""1,04138E+16"",35,6,0.7950948305963861,""1,23E+11"",0.1996021220159151"
"2830,3480,1,0,47,1,0.0,1,0.0,""11374,87"",""0,123398425"",2,""0,166666667"",1,0,226,""0,181742044"",""0,077694761"",""1,63146E+16"",0.011319205435326352,0.0612946497693263,0.4181818181818181,17,26,""1,01818E+16"",17,6,0.806143827394902,""1,17E+12"",0.1739811912225705"
"2897,3550,1,0,26,1,0.0,1,0.0,""1580,31"",""0,017071199"",5,""0,666666667"",5,1,226,""0,181742044"",""0,306429315"",""1,73082E+16"",""1,47E+09"",0.0577760097950833,0.8666666666666667,9,26,""8,33333E+15"",9,3,0.7935668109607678,18625264,0.4629629629629629"
"2898,3550,1,0,30,1,0.0,1,0.0,""1580,31"",""0,017071199"",5,""0,666666667"",5,1,226,""0,181742044"",""0,306429315"",""1,73082E+16"",""1,47E+09"",0.0577760097950833,0.8666666666666667,9,26,""8,33333E+15"",9,3,0.7935668109607678,18625264,0.4629629629629629"
